{
  "alaska1964": {
    "depth": 25000.0, 
    "slip": 9.9763115748443738, 
    "rake": 90.0, 
    "L": 630957.34448019299, 
    "ce": -147.339, 
    "Mw": 9.2, 
    "U3": 0.0, 
    "W": 315478.67224009649, 
    "strike": 218.0, 
    "dip": 8.0, 
    "cn": 60.908
  }, 
  "biobio2010": {
    "depth": 30100.0, 
    "ce": -73.03, 
    "slip": 6.06, 
    "W": 150000.0, 
    "strike": 18.0, 
    "rake": 112.0, 
    "dip": 18.0, 
    "L": 450000.0, 
    "U3": 0.0, 
    "cn": -35.5
  }, 
  "valdivia1960": {
    "slip": 17.0, 
    "rake": 105.0, 
    "L": 850000, 
    "ce": -75.0, 
    "depth": 63341.441297295802, 
    "U3": 0.0, 
    "W": 130000, 
    "strike": 7.0, 
    "dip": 20.0, 
    "cn": -41.0
  }, 
  "japan2011": {
    "cn": 38.297, 
    "slip": 15.848931924611172, 
    "rake": 87.652631230769245, 
    "Mw": 9.0, 
    "ce": 142.372, 
    "L": 501187.23362727248, 
    "depth": 30000.0, 
    "U3": 0.0, 
    "W": 250593.61681363624, 
    "strike": 194.42999, 
    "dip": 10.210000000000001
  }
}