{
  "Canada": [
    56.130366000000002, 
    -106.34677099999999
  ], 
  "Guinea-Bissau": [
    11.803749, 
    -15.180413
  ], 
  "Saint Helena": [
    -24.143473999999998, 
    -10.030696000000001
  ], 
  "Lithuania": [
    55.169438, 
    23.881274999999999
  ], 
  "Cambodia": [
    12.565678999999999, 
    104.99096299999999
  ], 
  "Ethiopia": [
    9.1449999999999996, 
    40.489672999999996
  ], 
  "Aruba": [
    12.52111, 
    -69.968338000000003
  ], 
  "Swaziland": [
    -26.522503000000004, 
    31.465865999999998
  ], 
  "Argentina": [
    -38.416097000000001, 
    -63.616671999999994
  ], 
  "Bolivia": [
    -16.290154000000001, 
    -63.588653000000001
  ], 
  "Cameroon": [
    7.3697220000000003, 
    12.354722000000001
  ], 
  "Burkina Faso": [
    12.238333000000001, 
    -1.561593
  ], 
  "Turkmenistan": [
    38.969718999999998, 
    59.556278000000006
  ], 
  "Ghana": [
    7.9465270000000006, 
    -1.0231940000000002
  ], 
  "Saudi Arabia": [
    23.885942, 
    45.079161999999997
  ], 
  "Rwanda": [
    -1.9402779999999999, 
    29.873888000000001
  ], 
  "South Africa": [
    -30.559481999999999, 
    22.937505999999999
  ], 
  "Japan": [
    36.204824000000002, 
    138.25292400000001
  ], 
  "Cape Verde": [
    16.002082000000001, 
    -24.013197000000002
  ], 
  "Northern Mariana Islands": [
    17.330829999999999, 
    145.38468999999998
  ], 
  "Slovenia": [
    46.151240999999999, 
    14.995463000000001
  ], 
  "Guatemala": [
    15.783470999999999, 
    -90.230758999999992
  ], 
  "Bosnia and Herzegovina": [
    43.915886, 
    17.679076000000002
  ], 
  "Kuwait": [
    29.311659999999996, 
    47.481766
  ], 
  "Jordan": [
    30.585164000000002, 
    36.238413999999999
  ], 
  "Dominica": [
    15.414999, 
    -61.370975999999999
  ], 
  "Liberia": [
    6.4280550000000005, 
    -9.4294989999999999
  ], 
  "Maldives": [
    3.2027779999999999, 
    73.220680000000002
  ], 
  "Jamaica": [
    18.109580999999999, 
    -77.297507999999993
  ], 
  "Falkland Islands [Islas Malvinas]": [
    -51.796253, 
    -59.523612999999997
  ], 
  "Congo [Republic]": [
    -0.228021, 
    15.827658999999999
  ], 
  "Martinique": [
    14.641527999999999, 
    -61.024174000000002
  ], 
  "S\u00e3o Tom\u00e9 and Pr\u00edncipe": [
    0.18636, 
    6.6130810000000002
  ], 
  "Albania": [
    41.153331999999999, 
    20.168330999999998
  ], 
  "French Guiana": [
    3.9338889999999997, 
    -53.125781999999994
  ], 
  "Niue": [
    -19.054445000000001, 
    -169.867233
  ], 
  "Monaco": [
    43.750298000000001, 
    7.4128410000000002
  ], 
  "Wallis and Futuna": [
    -13.768751999999999, 
    -177.15609699999999
  ], 
  "New Zealand": [
    -40.900556999999999, 
    174.88597099999998
  ], 
  "Yemen": [
    15.552726999999999, 
    48.516387999999999
  ], 
  "Jersey": [
    49.214438999999999, 
    -2.1312500000000001
  ], 
  "Congo [DRC]": [
    -4.0383330000000006, 
    21.758664000000003
  ], 
  "Greenland": [
    71.706935999999999, 
    -42.604303000000002
  ], 
  "Samoa": [
    -13.759029, 
    -172.10462900000002
  ], 
  "Macau": [
    22.198745000000002, 
    113.543873
  ], 
  "Norfolk Island": [
    -29.040834999999998, 
    167.954712
  ], 
  "United Arab Emirates": [
    23.424075999999999, 
    53.847818000000004
  ], 
  "C\u00f4te d'Ivoire": [
    7.5399890000000003, 
    -5.5470800000000002
  ], 
  "Kosovo": [
    42.602635999999997, 
    20.902977
  ], 
  "India": [
    20.593684, 
    78.962879999999998
  ], 
  "Azerbaijan": [
    40.143104999999998, 
    47.576927000000005
  ], 
  "Lesotho": [
    -29.609988000000001, 
    28.233608
  ], 
  "Saint Vincent and the Grenadines": [
    12.984305000000001, 
    -61.287228000000006
  ], 
  "Kenya": [
    -0.023559, 
    37.906193000000002
  ], 
  "South Korea": [
    35.907757000000004, 
    127.76692199999999
  ], 
  "Tajikistan": [
    38.861034000000004, 
    71.276093000000003
  ], 
  "Guam": [
    13.444304000000001, 
    144.79373100000001
  ], 
  "Turkey": [
    38.963745000000003, 
    35.243321999999999
  ], 
  "Afghanistan": [
    33.939109999999999, 
    67.709952999999999
  ], 
  "Bangladesh": [
    23.684994, 
    90.356331000000011
  ], 
  "Mauritania": [
    21.00789, 
    -10.940835
  ], 
  "Solomon Islands": [
    -9.6457100000000011, 
    160.156194
  ], 
  "Turks and Caicos Islands": [
    21.694025, 
    -71.797927999999999
  ], 
  "Saint Lucia": [
    13.909444000000001, 
    -60.978893000000006
  ], 
  "Gaza Strip": [
    31.354676000000001, 
    34.308824999999999
  ], 
  "San Marino": [
    43.942360000000001, 
    12.457777
  ], 
  "Mongolia": [
    46.862496, 
    103.84665600000001
  ], 
  "France": [
    46.227637999999999, 
    2.213749
  ], 
  "Bermuda": [
    32.321384000000002, 
    -64.757369999999995
  ], 
  "Namibia": [
    -22.957639999999998, 
    18.490410000000001
  ], 
  "Somalia": [
    5.1521489999999996, 
    46.199615999999999
  ], 
  "Peru": [
    -9.1899669999999993, 
    -75.015152
  ], 
  "Laos": [
    19.856270000000002, 
    102.495496
  ], 
  "Nauru": [
    -0.52277799999999996, 
    166.93150299999999
  ], 
  "Seychelles": [
    -4.6795739999999997, 
    55.491976999999999
  ], 
  "Norway": [
    60.472023999999998, 
    8.4689460000000008
  ], 
  "Malawi": [
    -13.254307999999998, 
    34.301524999999998
  ], 
  "Cook Islands": [
    -21.236735999999997, 
    -159.777671
  ], 
  "Benin": [
    9.3076899999999991, 
    2.3158340000000002
  ], 
  "R\u00e9union": [
    -21.115141000000001, 
    55.536383999999998
  ], 
  "Libya": [
    26.335100000000001, 
    17.228331000000001
  ], 
  "Cuba": [
    21.521757000000001, 
    -77.781167000000011
  ], 
  "Montenegro": [
    42.708678000000006, 
    19.374389999999998
  ], 
  "Saint Kitts and Nevis": [
    17.357821999999999, 
    -62.782997999999999
  ], 
  "Togo": [
    8.6195430000000002, 
    0.82478200000000002
  ], 
  "China": [
    35.861660000000001, 
    104.195397
  ], 
  "Armenia": [
    40.069099000000001, 
    45.038189000000003
  ], 
  "Timor-Leste": [
    -8.8742169999999998, 
    125.72753899999999
  ], 
  "Dominican Republic": [
    18.735692999999998, 
    -70.162650999999997
  ], 
  "French Polynesia": [
    -17.679742000000001, 
    -149.40684299999998
  ], 
  "Ukraine": [
    48.379432999999999, 
    31.165579999999999
  ], 
  "Bahrain": [
    25.930414000000003, 
    50.637771999999998
  ], 
  "Tonga": [
    -21.178985999999998, 
    -175.19824199999999
  ], 
  "Indonesia": [
    -0.78927499999999995, 
    113.92132700000001
  ], 
  "Western Sahara": [
    24.215526999999998, 
    -12.885833999999999
  ], 
  "Finland": [
    61.924109999999999, 
    25.748151
  ], 
  "Central African Republic": [
    6.6111110000000002, 
    20.939444000000002
  ], 
  "New Caledonia": [
    -20.904304999999997, 
    165.618042
  ], 
  "Mauritius": [
    -20.348404000000002, 
    57.552152
  ], 
  "Liechtenstein": [
    47.166000000000004, 
    9.5553729999999995
  ], 
  "Belarus": [
    53.709806999999998, 
    27.953389000000001
  ], 
  "British Virgin Islands": [
    18.420695000000002, 
    -64.63996800000001
  ], 
  "Mali": [
    17.570692000000001, 
    -3.9961660000000006
  ], 
  "Vatican City": [
    41.902915999999998, 
    12.453389
  ], 
  "Russia": [
    61.524009999999997, 
    105.31875600000001
  ], 
  "Bulgaria": [
    42.733882999999999, 
    25.48583
  ], 
  "United States": [
    37.090240000000001, 
    -95.712890999999999
  ], 
  "Romania": [
    45.943160999999996, 
    24.966760000000001
  ], 
  "Angola": [
    -11.202691999999999, 
    17.873887
  ], 
  "French Southern Territories": [
    -49.280366000000001, 
    69.348557
  ], 
  "Cayman Islands": [
    19.513469000000001, 
    -80.566956000000005
  ], 
  "Trinidad and Tobago": [
    10.691803, 
    -61.222503000000003
  ], 
  "Tokelau": [
    -8.9673630000000006, 
    -171.85588100000001
  ], 
  "Cyprus": [
    35.126412999999999, 
    33.429859
  ],