{
  "Alaska, USA": {
    "depth": 25000.0,
    "slip": 9.9763115748443738,
    "rake": 90.0,
    "L": 630957.34448019299,
    "ce": -147.339,
    "Mw": 9.2,
    "U3": 0.0,
    "W": 315478.67224009649,
    "strike": 218.0,
    "dip": 8.0,
    "cn": 60.908,
    "time": -303266923000,
    "Mw": 9.2
  },
  "Valdivia, Chile": {
    "slip": 17.0,
    "rake": 105.0,
    "L": 850000,
    "ce": -75.0,
    "depth": 63341.441297295802,
    "U3": 0.0,
    "W": 130000,
    "strike": 7.0,
    "dip": 20.0,
    "cn": -41.0,
    "year": 1960,
    "month": 5,
    "day": 22,
    "time": -303266923000,
    "Mw": 9.6

  }
}
